[
	{
		"id": 1,
		"name": "Батин жигуль",
		"cost": 50000
	},
	{
		"id": 2,
		"name": "Лада X-Ray",
		"cost": 1000000
	},
	{
		"id": 3,
		"name": "BMW E30",
		"cost": 5000000
	},
	{
		"id": 4,
		"name": "Audi A7",
		"cost": 10000000
	},
	{
		"id": 5,
		"name": "Toyota Camry",
		"cost": 50000000
	},
	{
		"id": 6,
		"name": "Tesla Roadster",
		"cost": 100000000
	},
	{
		"id": 7,
		"name": "Bugatti Chiron",
		"cost": 500000000
	},
	{
		"id": 8,
		"name": "Rimac C-Two",
		"cost": 1000000000
	},
	{
		"id": 9,
		"name": "Ferrari La Ferrari",
		"cost": 1500000000
	},
	{
		"id": 10,
		"name": "Zenvo ST1",
		"cost": 2000000000
	},
	{
		"id": 11,
		"name": "Koenigsegg Agera R",
		"cost": 2500000000
	},
	{
		"id": 12,
		"name": "Aston Martin One-77",
		"cost": 3000000000
	},
	{
		"id": 13,
		"name": "Koenigsegg One:1",
		"cost": 3500000000
	},
	{
		"id": 14,
		"name": "Ferrari F60 America",
		"cost": 4000000000
	},
	{
		"id": 15,
		"name": "Bugatti Veyron Super Sports",
		"cost": 4500000000
	},
	{
		"id": 16,
		"name": "Pagani Huyra BC",
		"cost": 5000000000
	},
	{
		"id": 17,
		"name": "Lykan Hypersport",
		"cost": 5500000000
	},
	{
		"id": 18,
		"name": "Lamborghini Veneno",
		"cost": 6000000000
	},
	{
		"id": 19,
		"name": "Koenigsegg CCXR Trevita",
		"cost": 6500000000
	},
	{
		"id": 20,
		"name": "Maybach Exelero",
		"cost": 7000000000
	}
]