[
	{
		"id": 1,
		"name": "Templewo",
		"map": "Чехия",
		"cost": 1500000000
	},
	{
		"id": 2,
		"name": "Берлингтон",
		"map": "Англия",
		"cost": 1750000000
	},
	{
		"id": 3,
		"name": "Проект 816",
		"map": "Китай",
		"cost": 2000000000
	},
	{
		"id": 4,
		"name": "Эбен-Эмаель",
		"map": "Бельгия",
		"cost": 3000000000
	},
	{
		"id": 5,
		"name": "Пещера Коллинса",
		"map": "США",
		"cost": 4000000000
	},
	{
		"id": 6,
		"name": "Гринбрайер",
		"map": "США",
		"cost": 5000000000
	}
]