[
	{
		"id": 1,
		"name": "Подвал",
		"map": "г. Сызрань, Россия",
		"cost": 50000
	},
	{
		"id": 2,
		"name": "Комната",
		"map": "г. Челябинск, Россия",
		"cost": 175000
	},
	{
		"id": 3,
		"name": "Комната",
		"map": "г. Санкт-Петербург, Россия",
		"cost": 300000
	},
	{
		"id": 4,
		"name": "Квартира",
		"map": "г. Тверь, Россия",
		"cost": 450000
	},
	{
		"id": 5,
		"name": "Комната",
		"map": "г. Сочи, Россия",
		"cost": 650000
	},
	{
		"id": 6,
		"name": "Домик",
		"map": "near Railway, Mexico",
		"cost": 700000
	},
	{
		"id": 7,
		"name": "Квартира",
		"map": "г. Химки, Россия",
		"cost": 1000000
	},
	{
		"id": 8,
		"name": "Комната",
		"map": "г. Москва, Россия",
		"cost": 1500000
	},
	{
		"id": 9,
		"name": "Роскошная квартира",
		"map": "г. Москва, Россия",
		"cost": 5000000
	},
	{
		"id": 10,
		"name": "Апартаменты",
		"map": "Athens, Greece",
		"cost": 10000000
	},
	{
		"id": 11,
		"name": "Дом",
		"map": "г. Москва, Россия",
		"cost": 15000000
	},
	{
		"id": 12,
		"name": "Апартаменты",
		"map": "Sofia, Bulgaria",
		"cost": 20000000
	},
	{
		"id": 13,
		"name": "Апартаменты",
		"map": "Abu-Dhabi, UAE",
		"cost": 100000000
	},
	{
		"id": 14,
		"name": "Шикарный дом",
		"map": "California, USA",
		"cost": 150000000
	},
	{
		"id": 15,
		"name": "Апартаменты",
		"map": "Switzerland",
		"cost": 200000000
	},
	{
		"id": 16,
		"name": "Апартаменты",
		"map": "Singapore",
		"cost": 300000000
	}
]