[
	{
		"id": 1,
		"name": "Nokia 105",
		"cost": 150000
	},
	{
		"id": 2,
		"name": "Nokia 150",
		"cost": 500000
	},
	{
		"id": 3,
		"name": "Meizu M5",
		"cost": 1500000
	},
	{
		"id": 4,
		"name": "Xioami Mi",
		"cost": 5000000
	},
	{
		"id": 5,
		"name": "iPhone 5S",
		"cost": 10000000
	},
	{
		"id": 6,
		"name": "iPhone 7",
		"cost": 50000000
	},
	{
		"id": 7,
		"name": "iPhone X",
		"cost": 100000000
	},
	{
		"id": 8,
		"name": "Samsung Galaxy S9",
		"cost": 100000000
	}
]